-- phpMyAdmin SQL Dump
-- version 4.9.0.1
-- https://www.phpmyadmin.net/
--
-- Host: 127.0.0.1
-- Generation Time: Sep 17, 2019 at 03:57 AM
-- Server version: 10.3.16-MariaDB
-- PHP Version: 7.3.7

SET SQL_MODE = "NO_AUTO_VALUE_ON_ZERO";
SET AUTOCOMMIT = 0;
START TRANSACTION;
SET time_zone = "+00:00";


/*!40101 SET @OLD_CHARACTER_SET_CLIENT=@@CHARACTER_SET_CLIENT */;
/*!40101 SET @OLD_CHARACTER_SET_RESULTS=@@CHARACTER_SET_RESULTS */;
/*!40101 SET @OLD_COLLATION_CONNECTION=@@COLLATION_CONNECTION */;
/*!40101 SET NAMES utf8mb4 */;

--
-- Database: `datasetjst`
--

-- --------------------------------------------------------

--
-- Table structure for table `data`
--

CREATE TABLE `data` (
  `id` int(11) NOT NULL,
  `target` int(11) NOT NULL
) ENGINE=InnoDB DEFAULT CHARSET=latin1;

--
-- Dumping data for table `data`
--

INSERT INTO `data` (`id`, `target`) VALUES
(1, 1),
(2, 1),
(3, 1),
(4, 2),
(5, 2),
(6, 2);

-- --------------------------------------------------------

--
-- Table structure for table `datadetails`
--

CREATE TABLE `datadetails` (
  `id` int(11) NOT NULL,
  `x` int(11) DEFAULT NULL,
  `weight` float DEFAULT NULL,
  `idData` int(11) DEFAULT NULL
) ENGINE=InnoDB DEFAULT CHARSET=latin1;

--
-- Dumping data for table `datadetails`
--

INSERT INTO `datadetails` (`id`, `x`, `weight`, `idData`) VALUES
(170, 1, 2, 1),
(171, -1, -1.2, 1),
(172, -1, -1.2, 1),
(173, 1, 0, 1),
(174, 1, 0, 1),
(175, -1, -1.2, 1),
(176, -1, -1.2, 1),
(177, -1, -1.2, 1),
(178, -1, 0, 1),
(179, -1, -1.2, 1),
(180, -1, 0, 1),
(181, 1, 1.2, 1),
(182, -1, 0, 1),
(183, -1, 0, 1),
(184, -1, -1.2, 1),
(185, -1, 0, 1),
(186, -1, -1.2, 1),
(187, -1, 0, 1),
(188, 1, 1.2, 1),
(189, -1, 0, 1),
(190, -1, 0, 1),
(191, -1, 0, 1),
(192, -1, 0, 1),
(193, -1, -1.2, 1),
(194, 1, 1.2, 1),
(195, -1, -1.2, 1),
(196, 1, 1.2, 1),
(197, -1, 0, 1),
(198, -1, 0, 1),
(199, -1, 0, 1),
(200, -1, -1.2, 1),
(201, 1, 0, 1),
(202, -1, -1.2, 1),
(203, 1, 1.2, 1),
(204, -1, 0, 1),
(205, -1, 0, 1),
(206, -1, 0, 1),
(207, 1, 0, 1),
(208, 1, 1.2, 1),
(209, 1, 0, 1),
(210, 1, 1.2, 1),
(211, 1, 1.2, 1),
(212, -1, 0, 1),
(213, -1, 0, 1),
(214, 1, 0, 1),
(215, -1, 0, 1),
(216, -1, 0, 1),
(217, -1, 0, 1),
(218, 1, 1.2, 1),
(219, -1, 0, 1),
(220, -1, 0, 1),
(221, 1, 0, 1),
(222, -1, 0, 1),
(223, -1, 0, 1),
(224, -1, 0, 1),
(225, 1, 1.2, 1),
(226, -1, -1.2, 1),
(227, 1, 0, 1),
(228, 1, 0, 1),
(229, 1, 0, 1),
(230, -1, -1.2, 1),
(231, 1, 0, 1),
(232, 1, 0, 1),
(233, 1, 0, 1),
(234, 1, 0, 4),
(235, 1, 0, 4),
(236, 1, 0, 4),
(237, 1, -0.6, 4),
(238, 1, -0.6, 4),
(239, 1, -0.6, 4),
(240, 1, -0.6, 4),
(241, 1, -0.6, 4),
(242, -1, 0.6, 4),
(243, 1, -0.6, 4),
(244, -1, 0.6, 4),
(245, -1, 0.6, 4),
(246, -1, 0.6, 4),
(247, -1, 0.6, 4),
(248, 1, -0.6, 4),
(249, -1, 0.6, 4),
(250, 1, -0.6, 4),
(251, -1, 0.6, 4),
(252, -1, 0.6, 4),
(253, -1, 0.6, 4),
(254, -1, 0.6, 4),
(255, -1, 0.6, 4),
(256, -1, 0.6, 4),
(257, 1, -0.6, 4),
(258, -1, 0.6, 4),
(259, 1, -0.6, 4),
(260, -1, 0.6, 4),
(261, -1, 0.6, 4),
(262, -1, 0.6, 4),
(263, -1, 0.6, 4),
(264, 1, -0.6, 4),
(265, 1, -0.6, 4),
(266, 1, -0.6, 4),
(267, -1, 0.6, 4),
(268, -1, 0.6, 4),
(269, -1, 0.6, 4),
(270, -1, 0.6, 4),
(271, 1, -0.6, 4),
(272, -1, 0.6, 4),
(273, 1, -0.6, 4),
(274, -1, 0.6, 4),
(275, -1, 0.6, 4),
(276, -1, 0.6, 4),
(277, -1, 0.6, 4),
(278, 1, -0.6, 4),
(279, -1, 0.6, 4),
(280, -1, 0.6, 4),
(281, -1, 0.6, 4),
(282, -1, 0.6, 4),
(283, -1, 0.6, 4),
(284, -1, 0.6, 4),
(285, 1, -0.6, 4),
(286, -1, 0.6, 4),
(287, -1, 0.6, 4),
(288, -1, 0.6, 4),
(289, -1, 0.6, 4),
(290, 1, -0.6, 4),
(291, 1, -0.6, 4),
(292, 1, -0.6, 4),
(293, 1, -0.6, 4),
(294, 1, -0.6, 4),
(295, 1, 0, 4),
(296, 1, 0, 4),
(297, 1, 0, 4),
(298, 1, 15.4, 2),
(299, -1, 7.6, 2),
(300, -1, 7.6, 2),
(301, -1, 7.6, 2),
(302, 1, 18.4, 2),
(303, -1, 7.6, 2),
(304, -1, 7.6, 2),
(305, -1, 7.6, 2),
(306, -1, 7.6, 2),
(307, -1, 7.6, 2),
(308, -1, 7.6, 2),
(309, 1, 18.4, 2),
(310, -1, 7.6, 2),
(311, -1, 7.6, 2),
(312, -1, 7.6, 2),
(313, -1, 7.6, 2),
(314, -1, 7.6, 2),
(315, -1, 7.6, 2),
(316, 1, 18.4, 2),
(317, -1, 7.6, 2),
(318, -1, 7.6, 2),
(319, -1, 7.6, 2),
(320, -1, 7.6, 2),
(321, -1, 7.6, 2),
(322, 1, 18.4, 2),
(323, -1, 7.6, 2),
(324, 1, 18.4, 2),
(325, -1, 7.6, 2),
(326, -1, 7.6, 2),
(327, -1, 7.6, 2),
(328, -1, 7.6, 2),
(329, 1, 18.4, 2),
(330, -1, 7.6, 2),
(331, 1, 18.4, 2),
(332, -1, 7.6, 2),
(333, -1, 7, 2),
(334, -1, 7, 2),
(335, 1, 19, 2),
(336, -1, 7, 2),
(337, -1, 7, 2),
(338, -1, 7, 2),
(339, 1, 19, 2),
(340, -1, 7, 2),
(341, -1, 7, 2),
(342, 1, 19, 2),
(343, 1, 19, 2),
(344, 1, 19, 2),
(345, 1, 19, 2),
(346, 1, 19, 2),
(347, -1, 7, 2),
(348, -1, 7, 2),
(349, 1, 19, 2),
(350, -1, 7, 2),
(351, -1, 7, 2),
(352, -1, 7, 2),
(353, 1, 19, 2),
(354, -1, 7, 2),
(355, -1, 6.4, 2),
(356, 1, 19.6, 2),
(357, -1, 6.4, 2),
(358, -1, 6.4, 2),
(359, -1, 6.4, 2),
(360, 1, 19.6, 2),
(361, -1, 6.4, 2),
(362, 1, 10, 5),
(363, 1, 13, 5),
(364, 1, 13, 5),
(365, 1, 13, 5),
(366, 1, 13, 5),
(367, 1, 13, 5),
(368, 1, 13, 5),
(369, 1, 13, 5),
(370, 1, 13, 5),
(371, -1, 13, 5),
(372, -1, 13, 5),
(373, -1, 13, 5),
(374, -1, 13, 5),
(375, -1, 13, 5),
(376, -1, 13, 5),
(377, 1, 13, 5),
(378, -1, 13, 5),
(379, -1, 13, 5),
(380, -1, 13, 5),
(381, -1, 13, 5),
(382, -1, 13, 5),
(383, -1, 13, 5),
(384, 1, 13, 5),
(385, -1, 13, 5),
(386, -1, 13, 5),
(387, -1, 13, 5),
(388, -1, 13, 5),
(389, -1, 13, 5),
(390, -1, 13, 5),
(391, 1, 13, 5),
(392, 1, 13, 5),
(393, 1, 13, 5),
(394, 1, 13, 5),
(395, -1, 13, 5),
(396, -1, 13, 5),
(397, -1, 13, 5),
(398, 1, 13, 5),
(399, -1, 13, 5),
(400, -1, 13, 5),
(401, -1, 13, 5),
(402, -1, 13, 5),
(403, -1, 13, 5),
(404, -1, 13, 5),
(405, 1, 13, 5),
(406, -1, 13, 5),
(407, -1, 13, 5),
(408, -1, 13, 5),
(409, -1, 13, 5),
(410, -1, 13, 5),
(411, -1, 13, 5),
(412, 1, 13, 5),
(413, -1, 13, 5),
(414, -1, 13, 5),
(415, -1, 13, 5),
(416, -1, 13, 5),
(417, -1, 13, 5),
(418, -1, 13, 5),
(419, 1, 13, 5),
(420, 1, 13, 5),
(421, 1, 13, 5),
(422, 1, 13, 5),
(423, 1, 13, 5),
(424, 1, 13, 5),
(425, 1, 13, 5),
(426, 1, 14.2, 3),
(427, 1, 17.2, 3),
(428, -1, 8.8, 3),
(429, -1, 8.8, 3),
(430, 1, 17.2, 3),
(431, -1, 8.8, 3),
(432, -1, 8.8, 3),
(433, -1, 8.8, 3),
(434, -1, 8.8, 3),
(435, -1, 8.8, 3),
(436, -1, 8.8, 3),
(437, 1, 17.2, 3),
(438, -1, 8.8, 3),
(439, -1, 8.8, 3),
(440, -1, 8.8, 3),
(441, -1, 8.8, 3),
(442, -1, 8.8, 3),
(443, 1, 17.2, 3),
(444, -1, 8.8, 3),
(445, 1, 17.2, 3),
(446, -1, 8.8, 3),
(447, -1, 8.8, 3),
(448, -1, 8.8, 3),
(449, -1, 8.8, 3),
(450, 1, 17.2, 3),
(451, -1, 8.8, 3),
(452, 1, 17.2, 3),
(453, -1, 8.8, 3),
(454, -1, 8.8, 3),
(455, -1, 8.8, 3),
(456, 1, 17.2, 3),
(457, -1, 8.8, 3),
(458, -1, 8.8, 3),
(459, -1, 8.8, 3),
(460, 1, 17.2, 3),
(461, -1, 8.8, 3),
(462, -1, 8.8, 3),
(463, 1, 17.2, 3),
(464, 1, 17.2, 3),
(465, 1, 17.2, 3),
(466, 1, 17.2, 3),
(467, 1, 17.2, 3),
(468, -1, 8.8, 3),
(469, 1, 17.2, 3),
(470, -1, 8.8, 3),
(471, -1, 8.8, 3),
(472, -1, 8.8, 3),
(473, -1, 8.8, 3),
(474, -1, 8.8, 3),
(475, 1, 17.2, 3),
(476, 1, 17.2, 3),
(477, -1, 8.8, 3),
(478, -1, 8.8, 3),
(479, -1, 8.8, 3),
(480, -1, 8.8, 3),
(481, -1, 8.8, 3),
(482, 1, 17.2, 3),
(483, 1, 16.6, 3),
(484, 1, 16.6, 3),
(485, -1, 9.4, 3),
(486, -1, 9.4, 3),
(487, -1, 9.4, 3),
(488, 1, 16.6, 3),
(489, 1, 16.6, 3),
(490, 1, 10, 6),
(491, 1, 13, 6),
(492, 1, 13, 6),
(493, 1, 13, 6),
(494, 1, 13, 6),
(495, 1, 13, 6),
(496, 1, 13, 6),
(497, 1, 13, 6),
(498, -1, 13, 6),
(499, 1, 13, 6),
(500, -1, 13, 6),
(501, -1, 13, 6),
(502, -1, 13, 6),
(503, -1, 13, 6),
(504, 1, 13, 6),
(505, -1, 13, 6),
(506, 1, 13, 6),
(507, -1, 13, 6),
(508, -1, 13, 6),
(509, -1, 13, 6),
(510, -1, 13, 6),
(511, -1, 13, 6),
(512, -1, 13, 6),
(513, 1, 13, 6),
(514, -1, 13, 6),
(515, -1, 13, 6),
(516, 1, 13, 6),
(517, -1, 13, 6),
(518, -1, 13, 6),
(519, -1, 13, 6),
(520, 1, 13, 6),
(521, 1, 13, 6),
(522, 1, 13, 6),
(523, 1, 13, 6),
(524, -1, 13, 6),
(525, -1, 13, 6),
(526, -1, 13, 6),
(527, 1, 13, 6),
(528, -1, 13, 6),
(529, -1, 13, 6),
(530, 1, 13, 6),
(531, -1, 13, 6),
(532, -1, 13, 6),
(533, -1, 13, 6),
(534, 1, 13, 6),
(535, -1, 13, 6),
(536, -1, 13, 6),
(537, -1, 13, 6),
(538, -1, 13, 6),
(539, -1, 13, 6),
(540, -1, 13, 6),
(541, 1, 13, 6),
(542, -1, 13, 6),
(543, -1, 13, 6),
(544, -1, 13, 6),
(545, -1, 13, 6),
(546, 1, 13, 6),
(547, 1, 13, 6),
(548, 1, 13, 6),
(549, 1, 13, 6),
(550, 1, 13, 6),
(551, 1, 13, 6),
(552, 1, 13, 6),
(553, 1, 13, 6);

-- --------------------------------------------------------

--
-- Table structure for table `inputlistbackprop`
--

CREATE TABLE `inputlistbackprop` (
  `id` int(11) NOT NULL,
  `x` int(11) DEFAULT NULL,
  `dataId` int(11) DEFAULT NULL
) ENGINE=InnoDB DEFAULT CHARSET=latin1;

--
-- Dumping data for table `inputlistbackprop`
--

INSERT INTO `inputlistbackprop` (`id`, `x`, `dataId`) VALUES
(1, 1, 1),
(2, -1, 1),
(3, -1, 1),
(4, 1, 1),
(5, 1, 1),
(6, -1, 1),
(7, -1, 1),
(8, -1, 1),
(9, -1, 1),
(10, -1, 1),
(11, -1, 1),
(12, 1, 1),
(13, -1, 1),
(14, -1, 1),
(15, -1, 1),
(16, -1, 1),
(17, -1, 1),
(18, -1, 1),
(19, 1, 1),
(20, -1, 1),
(21, -1, 1),
(22, -1, 1),
(23, -1, 1),
(24, -1, 1),
(25, 1, 1),
(26, -1, 1),
(27, 1, 1),
(28, -1, 1),
(29, -1, 1),
(30, -1, 1),
(31, -1, 1),
(32, 1, 1),
(33, -1, 1),
(34, 1, 1),
(35, -1, 1),
(36, -1, 1),
(37, -1, 1),
(38, 1, 1),
(39, 1, 1),
(40, 1, 1),
(41, 1, 1),
(42, 1, 1),
(43, -1, 1),
(44, -1, 1),
(45, 1, 1),
(46, -1, 1),
(47, -1, 1),
(48, -1, 1),
(49, 1, 1),
(50, -1, 1),
(51, -1, 1),
(52, 1, 1),
(53, -1, 1),
(54, -1, 1),
(55, -1, 1),
(56, 1, 1),
(57, -1, 1),
(58, 1, 1),
(59, 1, 1),
(60, 1, 1),
(61, -1, 1),
(62, 1, 1),
(63, 1, 1),
(64, 1, 1),
(65, 1, 4),
(66, 1, 4),
(67, 1, 4),
(68, 1, 4),
(69, 1, 4),
(70, 1, 4),
(71, 1, 4),
(72, 1, 4),
(73, -1, 4),
(74, 1, 4),
(75, -1, 4),
(76, -1, 4),
(77, -1, 4),
(78, -1, 4),
(79, 1, 4),
(80, -1, 4),
(81, 1, 4),
(82, -1, 4),
(83, -1, 4),
(84, -1, 4),
(85, -1, 4),
(86, -1, 4),
(87, -1, 4),
(88, 1, 4),
(89, -1, 4),
(90, 1, 4),
(91, -1, 4),
(92, -1, 4),
(93, -1, 4),
(94, -1, 4),
(95, 1, 4),
(96, 1, 4),
(97, 1, 4),
(98, -1, 4),
(99, -1, 4),
(100, -1, 4),
(101, -1, 4),
(102, 1, 4),
(103, -1, 4),
(104, 1, 4),
(105, -1, 4),
(106, -1, 4),
(107, -1, 4),
(108, -1, 4),
(109, 1, 4),
(110, -1, 4),
(111, -1, 4),
(112, -1, 4),
(113, -1, 4),
(114, -1, 4),
(115, -1, 4),
(116, 1, 4),
(117, -1, 4),
(118, -1, 4),
(119, -1, 4),
(120, -1, 4),
(121, 1, 4),
(122, 1, 4),
(123, 1, 4),
(124, 1, 4),
(125, 1, 4),
(126, 1, 4),
(127, 1, 4),
(128, 1, 4),
(129, 1, 2),
(130, -1, 2),
(131, -1, 2),
(132, -1, 2),
(133, 1, 2),
(134, -1, 2),
(135, -1, 2),
(136, -1, 2),
(137, -1, 2),
(138, -1, 2),
(139, -1, 2),
(140, 1, 2),
(141, -1, 2),
(142, -1, 2),
(143, -1, 2),
(144, -1, 2),
(145, -1, 2),
(146, -1, 2),
(147, 1, 2),
(148, -1, 2),
(149, -1, 2),
(150, -1, 2),
(151, -1, 2),
(152, -1, 2),
(153, 1, 2),
(154, -1, 2),
(155, 1, 2),
(156, -1, 2),
(157, -1, 2),
(158, -1, 2),
(159, -1, 2),
(160, 1, 2),
(161, -1, 2),
(162, 1, 2),
(163, -1, 2),
(164, -1, 2),
(165, -1, 2),
(166, 1, 2),
(167, -1, 2),
(168, -1, 2),
(169, -1, 2),
(170, 1, 2),
(171, -1, 2),
(172, -1, 2),
(173, 1, 2),
(174, 1, 2),
(175, 1, 2),
(176, 1, 2),
(177, 1, 2),
(178, -1, 2),
(179, -1, 2),
(180, 1, 2),
(181, -1, 2),
(182, -1, 2),
(183, -1, 2),
(184, 1, 2),
(185, -1, 2),
(186, -1, 2),
(187, 1, 2),
(188, -1, 2),
(189, -1, 2),
(190, -1, 2),
(191, 1, 2),
(192, -1, 2),
(193, 1, 5),
(194, 1, 5),
(195, 1, 5),
(196, 1, 5),
(197, 1, 5),
(198, 1, 5),
(199, 1, 5),
(200, 1, 5),
(201, 1, 5),
(202, -1, 5),
(203, -1, 5),
(204, -1, 5),
(205, -1, 5),
(206, -1, 5),
(207, -1, 5),
(208, 1, 5),
(209, -1, 5),
(210, -1, 5),
(211, -1, 5),
(212, -1, 5),
(213, -1, 5),
(214, -1, 5),
(215, 1, 5),
(216, -1, 5),
(217, -1, 5),
(218, -1, 5),
(219, -1, 5),
(220, -1, 5),
(221, -1, 5),
(222, 1, 5),
(223, 1, 5),
(224, 1, 5),
(225, 1, 5),
(226, -1, 5),
(227, -1, 5),
(228, -1, 5),
(229, 1, 5),
(230, -1, 5),
(231, -1, 5),
(232, -1, 5),
(233, -1, 5),
(234, -1, 5),
(235, -1, 5),
(236, 1, 5),
(237, -1, 5),
(238, -1, 5),
(239, -1, 5),
(240, -1, 5),
(241, -1, 5),
(242, -1, 5),
(243, 1, 5),
(244, -1, 5),
(245, -1, 5),
(246, -1, 5),
(247, -1, 5),
(248, -1, 5),
(249, -1, 5),
(250, 1, 5),
(251, 1, 5),
(252, 1, 5),
(253, 1, 5),
(254, 1, 5),
(255, 1, 5),
(256, 1, 5),
(257, 1, 3),
(258, 1, 3),
(259, -1, 3),
(260, -1, 3),
(261, 1, 3),
(262, -1, 3),
(263, -1, 3),
(264, -1, 3),
(265, -1, 3),
(266, -1, 3),
(267, -1, 3),
(268, 1, 3),
(269, -1, 3),
(270, -1, 3),
(271, -1, 3),
(272, -1, 3),
(273, -1, 3),
(274, 1, 3),
(275, -1, 3),
(276, 1, 3),
(277, -1, 3),
(278, -1, 3),
(279, -1, 3),
(280, -1, 3),
(281, 1, 3),
(282, -1, 3),
(283, 1, 3),
(284, -1, 3),
(285, -1, 3),
(286, -1, 3),
(287, 1, 3),
(288, -1, 3),
(289, -1, 3),
(290, -1, 3),
(291, 1, 3),
(292, -1, 3),
(293, -1, 3),
(294, 1, 3),
(295, 1, 3),
(296, 1, 3),
(297, 1, 3),
(298, 1, 3),
(299, -1, 3),
(300, 1, 3),
(301, -1, 3),
(302, -1, 3),
(303, -1, 3),
(304, -1, 3),
(305, -1, 3),
(306, 1, 3),
(307, 1, 3),
(308, -1, 3),
(309, -1, 3),
(310, -1, 3),
(311, -1, 3),
(312, -1, 3),
(313, 1, 3),
(314, 1, 3),
(315, 1, 3),
(316, -1, 3),
(317, -1, 3),
(318, -1, 3),
(319, 1, 3),
(320, 1, 3),
(321, 1, 6),
(322, 1, 6),
(323, 1, 6),
(324, 1, 6),
(325, 1, 6),
(326, 1, 6),
(327, 1, 6),
(328, 1, 6),
(329, -1, 6),
(330, 1, 6),
(331, -1, 6),
(332, -1, 6),
(333, -1, 6),
(334, -1, 6),
(335, 1, 6),
(336, -1, 6),
(337, 1, 6),
(338, -1, 6),
(339, -1, 6),
(340, -1, 6),
(341, -1, 6),
(342, -1, 6),
(343, -1, 6),
(344, 1, 6),
(345, -1, 6),
(346, -1, 6),
(347, 1, 6),
(348, -1, 6),
(349, -1, 6),
(350, -1, 6),
(351, 1, 6),
(352, 1, 6),
(353, 1, 6),
(354, 1, 6),
(355, -1, 6),
(356, -1, 6),
(357, -1, 6),
(358, 1, 6),
(359, -1, 6),
(360, -1, 6),
(361, 1, 6),
(362, -1, 6),
(363, -1, 6),
(364, -1, 6),
(365, 1, 6),
(366, -1, 6),
(367, -1, 6),
(368, -1, 6),
(369, -1, 6),
(370, -1, 6),
(371, -1, 6),
(372, 1, 6),
(373, -1, 6),
(374, -1, 6),
(375, -1, 6),
(376, -1, 6),
(377, 1, 6),
(378, 1, 6),
(379, 1, 6),
(380, 1, 6),
(381, 1, 6),
(382, 1, 6),
(383, 1, 6),
(384, 1, 6);

-- --------------------------------------------------------

--
-- Table structure for table `input_data_train_lvq`
--

CREATE TABLE `input_data_train_lvq` (
  `id` int(11) NOT NULL,
  `x` int(11) DEFAULT NULL,
  `targetId` int(11) DEFAULT NULL
) ENGINE=InnoDB DEFAULT CHARSET=latin1;

--
-- Dumping data for table `input_data_train_lvq`
--

INSERT INTO `input_data_train_lvq` (`id`, `x`, `targetId`) VALUES
(1, 1, 2),
(2, -1, 2),
(3, -1, 2),
(4, -1, 2),
(5, 1, 2),
(6, -1, 2),
(7, -1, 2),
(8, -1, 2),
(9, -1, 2),
(10, -1, 2),
(11, -1, 2),
(12, 1, 2),
(13, -1, 2),
(14, -1, 2),
(15, -1, 2),
(16, -1, 2),
(17, -1, 2),
(18, -1, 2),
(19, 1, 2),
(20, -1, 2),
(21, -1, 2),
(22, -1, 2),
(23, -1, 2),
(24, -1, 2),
(25, 1, 2),
(26, -1, 2),
(27, 1, 2),
(28, -1, 2),
(29, -1, 2),
(30, -1, 2),
(31, -1, 2),
(32, 1, 2),
(33, -1, 2),
(34, 1, 2),
(35, -1, 2),
(36, -1, 2),
(37, -1, 2),
(38, 1, 2),
(39, -1, 2),
(40, -1, 2),
(41, -1, 2),
(42, 1, 2),
(43, -1, 2),
(44, -1, 2),
(45, 1, 2),
(46, 1, 2),
(47, 1, 2),
(48, 1, 2),
(49, 1, 2),
(50, -1, 2),
(51, -1, 2),
(52, 1, 2),
(53, -1, 2),
(54, -1, 2),
(55, -1, 2),
(56, 1, 2),
(57, -1, 2),
(58, -1, 2),
(59, 1, 2),
(60, -1, 2),
(61, -1, 2),
(62, -1, 2),
(63, 1, 2),
(64, -1, 2),
(65, 1, 5),
(66, 1, 5),
(67, 1, 5),
(68, 1, 5),
(69, 1, 5),
(70, 1, 5),
(71, 1, 5),
(72, 1, 5),
(73, 1, 5),
(74, -1, 5),
(75, -1, 5),
(76, -1, 5),
(77, -1, 5),
(78, -1, 5),
(79, -1, 5),
(80, 1, 5),
(81, -1, 5),
(82, -1, 5),
(83, -1, 5),
(84, -1, 5),
(85, -1, 5),
(86, -1, 5),
(87, 1, 5),
(88, -1, 5),
(89, -1, 5),
(90, -1, 5),
(91, -1, 5),
(92, -1, 5),
(93, -1, 5),
(94, 1, 5),
(95, 1, 5),
(96, 1, 5),
(97, 1, 5),
(98, -1, 5),
(99, -1, 5),
(100, -1, 5),
(101, 1, 5),
(102, -1, 5),
(103, -1, 5),
(104, -1, 5),
(105, -1, 5),
(106, -1, 5),
(107, -1, 5),
(108, 1, 5),
(109, -1, 5),
(110, -1, 5),
(111, -1, 5),
(112, -1, 5),
(113, -1, 5),
(114, -1, 5),
(115, 1, 5),
(116, -1, 5),
(117, -1, 5),
(118, -1, 5),
(119, -1, 5),
(120, -1, 5),
(121, -1, 5),
(122, 1, 5),
(123, 1, 5),
(124, 1, 5),
(125, 1, 5),
(126, 1, 5),
(127, 1, 5),
(128, 1, 5),
(129, 1, 3),
(130, 1, 3),
(131, -1, 3),
(132, -1, 3),
(133, 1, 3),
(134, -1, 3),
(135, -1, 3),
(136, -1, 3),
(137, -1, 3),
(138, -1, 3),
(139, -1, 3),
(140, 1, 3),
(141, -1, 3),
(142, -1, 3),
(143, -1, 3),
(144, -1, 3),
(145, -1, 3),
(146, 1, 3),
(147, -1, 3),
(148, 1, 3),
(149, -1, 3),
(150, -1, 3),
(151, -1, 3),
(152, -1, 3),
(153, 1, 3),
(154, -1, 3),
(155, 1, 3),
(156, -1, 3),
(157, -1, 3),
(158, -1, 3),
(159, 1, 3),
(160, -1, 3),
(161, -1, 3),
(162, -1, 3),
(163, 1, 3),
(164, -1, 3),
(165, -1, 3),
(166, 1, 3),
(167, 1, 3),
(168, 1, 3),
(169, 1, 3),
(170, 1, 3),
(171, -1, 3),
(172, 1, 3),
(173, -1, 3),
(174, -1, 3),
(175, -1, 3),
(176, -1, 3),
(177, -1, 3),
(178, 1, 3),
(179, 1, 3),
(180, -1, 3),
(181, -1, 3),
(182, -1, 3),
(183, -1, 3),
(184, -1, 3),
(185, 1, 3),
(186, 1, 3),
(187, 1, 3),
(188, -1, 3),
(189, -1, 3),
(190, -1, 3),
(191, 1, 3),
(192, 1, 3),
(193, 1, 6),
(194, 1, 6),
(195, 1, 6),
(196, 1, 6),
(197, 1, 6),
(198, 1, 6),
(199, 1, 6),
(200, 1, 6),
(201, -1, 6),
(202, 1, 6),
(203, -1, 6),
(204, -1, 6),
(205, -1, 6),
(206, -1, 6),
(207, 1, 6),
(208, -1, 6),
(209, 1, 6),
(210, -1, 6),
(211, -1, 6),
(212, -1, 6),
(213, -1, 6),
(214, -1, 6),
(215, -1, 6),
(216, 1, 6),
(217, -1, 6),
(218, -1, 6),
(219, 1, 6),
(220, -1, 6),
(221, -1, 6),
(222, -1, 6),
(223, 1, 6),
(224, 1, 6),
(225, 1, 6),
(226, 1, 6),
(227, -1, 6),
(228, -1, 6),
(229, -1, 6),
(230, 1, 6),
(231, -1, 6),
(232, -1, 6),
(233, 1, 6),
(234, -1, 6),
(235, -1, 6),
(236, -1, 6),
(237, 1, 6),
(238, -1, 6),
(239, -1, 6),
(240, -1, 6),
(241, -1, 6),
(242, -1, 6),
(243, -1, 6),
(244, 1, 6),
(245, -1, 6),
(246, -1, 6),
(247, -1, 6),
(248, -1, 6),
(249, 1, 6),
(250, 1, 6),
(251, 1, 6),
(252, 1, 6),
(253, 1, 6),
(254, 1, 6),
(255, 1, 6),
(256, 1, 6);

-- --------------------------------------------------------

--
-- Table structure for table `neuroninhiddenlayerbackprop`
--

CREATE TABLE `neuroninhiddenlayerbackprop` (
  `id` int(11) NOT NULL,
  `z` double NOT NULL,
  `vId` int(11) DEFAULT NULL,
  `wId` int(11) DEFAULT NULL
) ENGINE=InnoDB DEFAULT CHARSET=latin1;

--
-- Dumping data for table `neuroninhiddenlayerbackprop`
--

INSERT INTO `neuroninhiddenlayerbackprop` (`id`, `z`, `vId`, `wId`) VALUES
(1, 0, NULL, NULL),
(2, 0, NULL, NULL),
(3, 1, NULL, NULL);

-- --------------------------------------------------------

--
-- Table structure for table `output_backprop`
--

CREATE TABLE `output_backprop` (
  `id` int(11) NOT NULL,
  `y` int(11) DEFAULT NULL,
  `wId` int(11) DEFAULT NULL
) ENGINE=InnoDB DEFAULT CHARSET=latin1;

--
-- Dumping data for table `output_backprop`
--

INSERT INTO `output_backprop` (`id`, `y`, `wId`) VALUES
(1, 0, NULL),
(2, 0, NULL);

-- --------------------------------------------------------

--
-- Table structure for table `weightinputbackprop`
--

CREATE TABLE `weightinputbackprop` (
  `id` int(11) NOT NULL,
  `v` double NOT NULL,
  `xId` int(11) DEFAULT NULL,
  `zId` int(11) DEFAULT NULL
) ENGINE=InnoDB DEFAULT CHARSET=latin1;

--
-- Dumping data for table `weightinputbackprop`
--

INSERT INTO `weightinputbackprop` (`id`, `v`, `xId`, `zId`) VALUES
(129, 0.41095934767046, 1, 1),
(130, 0.41095934767046, 1, 2),
(131, -1.3272097445695, 2, 1),
(132, -1.3272097445695, 2, 2),
(133, -2.173753507606, 3, 1),
(134, -2.173753507606, 3, 2),
(135, -1.4668885401915, 4, 1),
(136, -1.4668885401915, 4, 2),
(137, 0.41095934767046, 5, 1),
(138, 0.41095934767046, 5, 2),
(139, -2.173753507606, 6, 1),
(140, -2.173753507606, 6, 2),
(141, -2.173753507606, 7, 1),
(142, -2.173753507606, 7, 2),
(143, -2.173753507606, 8, 1),
(144, -2.173753507606, 8, 2),
(145, -1.1694784063244, 9, 1),
(146, -1.1694784063244, 9, 2),
(147, -1.4152344489519, 10, 1),
(148, -1.4152344489519, 10, 2),
(149, -0.41095934767046, 11, 1),
(150, -0.41095934767046, 11, 2),
(151, 2.173753507606, 12, 1),
(152, 2.173753507606, 12, 2),
(153, -0.41095934767046, 13, 1),
(154, -0.41095934767046, 13, 2),
(155, -0.41095934767046, 14, 1),
(156, -0.41095934767046, 14, 2),
(157, -1.4152344489519, 15, 1),
(158, -1.4152344489519, 15, 2),
(159, -1.1694784063244, 16, 1),
(160, -1.1694784063244, 16, 2),
(161, -1.4152344489519, 17, 1),
(162, -1.4152344489519, 17, 2),
(163, 0.43558441536583, 18, 1),
(164, 0.43558441536583, 18, 2),
(165, 1.3272097445695, 19, 1),
(166, 1.3272097445695, 19, 2),
(167, 0.43558441536583, 20, 1),
(168, 0.43558441536583, 20, 2),
(169, -0.41095934767046, 21, 1),
(170, -0.41095934767046, 21, 2),
(171, -0.41095934767046, 22, 1),
(172, -0.41095934767046, 22, 2),
(173, -1.1694784063244, 23, 1),
(174, -1.1694784063244, 23, 2),
(175, -1.4152344489519, 24, 1),
(176, -1.4152344489519, 24, 2),
(177, 2.173753507606, 25, 1),
(178, 2.173753507606, 25, 2),
(179, -1.3874521529494, 26, 1),
(180, -1.3874521529494, 26, 2),
(181, 2.1459712116033, 27, 1),
(182, 2.1459712116033, 27, 2),
(183, -0.41095934767046, 28, 1),
(184, -0.41095934767046, 28, 2),
(185, -0.41095934767046, 29, 1),
(186, -0.41095934767046, 29, 2),
(187, -1.1694784063244, 30, 1),
(188, -1.1694784063244, 30, 2),
(189, -1.3272097445695, 31, 1),
(190, -1.3272097445695, 31, 2),
(191, -0.43558441536583, 32, 1),
(192, -0.43558441536583, 32, 2),
(193, -2.173753507606, 33, 1),
(194, -2.173753507606, 33, 2),
(195, 1.2994274485668, 34, 1),
(196, 1.2994274485668, 34, 2),
(197, 0.43558441536583, 35, 1),
(198, 0.43558441536583, 35, 2),
(199, -0.41095934767046, 36, 1),
(200, -0.41095934767046, 36, 2),
(201, -1.1694784063244, 37, 1),
(202, -1.1694784063244, 37, 2),
(203, 1.1694784063244, 38, 1),
(204, 1.1694784063244, 38, 2),
(205, 1.1424493827806, 39, 1),
(206, 1.1424493827806, 39, 2),
(207, 0.16595657750172, 40, 1),
(208, 0.16595657750172, 40, 2),
(209, 1.1146670867779, 41, 1),
(210, 1.1146670867779, 41, 2),
(211, 2.173753507606, 42, 1),
(212, 2.173753507606, 42, 2),
(213, -0.41095934767046, 43, 1),
(214, -0.41095934767046, 43, 2),
(215, -0.32293464328833, 44, 1),
(216, -0.32293464328833, 44, 2),
(217, 0.32293464328833, 45, 1),
(218, 0.32293464328833, 45, 2),
(219, 0.62034477715469, 46, 1),
(220, 0.62034477715469, 46, 2),
(221, 0.62034477715469, 47, 1),
(222, 0.62034477715469, 47, 2),
(223, 0.62034477715469, 48, 1),
(224, 0.62034477715469, 48, 2),
(225, 1.3272097445695, 49, 1),
(226, 1.3272097445695, 49, 2),
(227, 0.43558441536583, 50, 1),
(228, 0.43558441536583, 50, 2),
(229, -0.32293464328833, 51, 1),
(230, -0.32293464328833, 51, 2),
(231, 0.32293464328833, 52, 1),
(232, 0.32293464328833, 52, 2),
(233, -0.41095934767046, 53, 1),
(234, -0.41095934767046, 53, 2),
(235, -0.41095934767046, 54, 1),
(236, -0.41095934767046, 54, 2),
(237, -0.41095934767046, 55, 1),
(238, -0.41095934767046, 55, 2),
(239, 1.3272097445695, 56, 1),
(240, 1.3272097445695, 56, 2),
(241, -0.56869068591515, 57, 1),
(242, -0.56869068591515, 57, 2),
(243, -0.62034477715469, 58, 1),
(244, -0.62034477715469, 58, 2),
(245, 0.41095934767046, 59, 1),
(246, 0.41095934767046, 59, 2),
(247, -1.4668885401915, 60, 1),
(248, -1.4668885401915, 60, 2),
(249, -2.173753507606, 61, 1),
(250, -2.173753507606, 61, 2),
(251, -1.4668885401915, 62, 1),
(252, -1.4668885401915, 62, 2),
(253, 0.41095934767046, 63, 1),
(254, 0.41095934767046, 63, 2),
(255, -0.62034477715469, 64, 1),
(256, -0.62034477715469, 64, 2);

-- --------------------------------------------------------

--
-- Table structure for table `weight_lvq`
--

CREATE TABLE `weight_lvq` (
  `id` int(11) NOT NULL,
  `w` double DEFAULT NULL,
  `targetId` int(11) DEFAULT NULL
) ENGINE=InnoDB DEFAULT CHARSET=latin1;

--
-- Dumping data for table `weight_lvq`
--

INSERT INTO `weight_lvq` (`id`, `w`, `targetId`) VALUES
(1, 1, 1),
(2, 0.17647058823529, 1),
(3, -0.99999999999999, 1),
(4, -0.99999999999999, 1),
(5, 0.99999999999999, 1),
(6, -1, 1),
(7, -1, 1),
(8, -1, 1),
(9, -1, 1),
(10, -0.99999999999999, 1),
(11, -0.99999999999999, 1),
(12, 0.99999999999999, 1),
(13, -1, 1),
(14, -1, 1),
(15, -1, 1),
(16, -1, 1),
(17, -0.99999999999999, 1),
(18, 0.17647058823529, 1),
(19, -0.17647058823529, 1),
(20, 0.17647058823529, 1),
(21, -1, 1),
(22, -1, 1),
(23, -0.99999999999999, 1),
(24, -0.99999999999999, 1),
(25, 0.99999999999999, 1),
(26, -0.99999999999999, 1),
(27, 0.99999999999999, 1),
(28, -1, 1),
(29, -1, 1),
(30, -0.99999999999999, 1),
(31, 0.17647058823529, 1),
(32, -0.17647058823529, 1),
(33, -1, 1),
(34, -0.17647058823529, 1),
(35, 0.17647058823529, 1),
(36, -0.99999999999999, 1),
(37, -0.99999999999999, 1),
(38, 0.99999999999999, 1),
(39, 0.17647058823529, 1),
(40, 0.17647058823529, 1),
(41, 0.17647058823529, 1),
(42, 0.99999999999999, 1),
(43, -0.99999999999999, 1),
(44, 0.17647058823529, 1),
(45, -0.17647058823529, 1),
(46, -0.17647058823529, 1),
(47, -0.17647058823529, 1),
(48, -0.17647058823529, 1),
(49, -0.17647058823529, 1),
(50, 0.17647058823529, 1),
(51, 0.17647058823529, 1),
(52, -0.17647058823529, 1),
(53, -1, 1),
(54, -0.99999999999999, 1),
(55, -1, 1),
(56, -0.17647058823529, 1),
(57, 0.17647058823529, 1),
(58, 0.17647058823529, 1),
(59, 0.99999999999999, 1),
(60, -0.99999999999999, 1),
(61, -0.99999999999999, 1),
(62, -0.99999999999999, 1),
(63, 0.99999999999999, 1),
(64, 0.17647058823529, 1),
(65, 1, 4),
(66, 1, 4),
(67, 1, 4),
(68, 1, 4),
(69, 1, 4),
(70, 1, 4),
(71, 0.99999999999999, 4),
(72, 0.99999999999999, 4),
(73, -0.1764705882353, 4),
(74, 0.17647058823529, 4),
(75, -1, 4),
(76, -1, 4),
(77, -0.99999999999999, 4),
(78, -0.99999999999999, 4),
(79, 0.17647058823529, 4),
(80, -0.1764705882353, 4),
(81, 0.17647058823529, 4),
(82, -1, 4),
(83, -1, 4),
(84, -1, 4),
(85, -0.99999999999999, 4),
(86, -0.99999999999999, 4),
(87, -0.1764705882353, 4),
(88, 0.17647058823529, 4),
(89, -1, 4),
(90, -0.99999999999999, 4),
(91, 0.17647058823529, 4),
(92, -0.99999999999999, 4),
(93, -0.99999999999999, 4),
(94, -0.17647058823529, 4),
(95, 1, 4),
(96, 0.99999999999999, 4),
(97, 0.99999999999999, 4),
(98, 0.17647058823529, 4),
(99, -0.99999999999999, 4),
(100, -0.99999999999999, 4),
(101, -0.1764705882353, 4),
(102, 0.17647058823529, 4),
(103, -1, 4),
(104, -0.99999999999999, 4),
(105, 0.17647058823529, 4),
(106, -0.99999999999999, 4),
(107, -0.99999999999999, 4),
(108, -0.1764705882353, 4),
(109, 0.17647058823529, 4),
(110, -1, 4),
(111, -1, 4),
(112, -1, 4),
(113, -0.99999999999999, 4),
(114, -0.99999999999999, 4),
(115, -0.1764705882353, 4),
(116, 0.17647058823529, 4),
(117, -1, 4),
(118, -1, 4),
(119, -0.99999999999999, 4),
(120, -0.99999999999999, 4),
(121, 0.1764705882353, 4),
(122, 1, 4),
(123, 1, 4),
(124, 1, 4),
(125, 1, 4),
(126, 1, 4),
(127, 0.99999999999999, 4),
(128, 0.99999999999999, 4);

-- --------------------------------------------------------

--
-- Table structure for table `weight_to_output`
--

CREATE TABLE `weight_to_output` (
  `id` int(11) NOT NULL,
  `w` double NOT NULL,
  `zId` int(11) DEFAULT NULL,
  `yId` int(11) DEFAULT NULL
) ENGINE=InnoDB DEFAULT CHARSET=latin1;

--
-- Dumping data for table `weight_to_output`
--

INSERT INTO `weight_to_output` (`id`, `w`, `zId`, `yId`) VALUES
(1, 1.7789677293825, 1, 1),
(2, -1.8517830310837, 1, 2),
(3, 1.7789677293825, 2, 1),
(4, -1.8517830310837, 2, 2),
(5, 2.1107382432035, 3, 1),
(6, 2.2500972884938, 3, 2);

--
-- Indexes for dumped tables
--

--
-- Indexes for table `data`
--
ALTER TABLE `data`
  ADD PRIMARY KEY (`id`);

--
-- Indexes for table `datadetails`
--
ALTER TABLE `datadetails`
  ADD PRIMARY KEY (`id`),
  ADD KEY `idData` (`idData`);

--
-- Indexes for table `inputlistbackprop`
--
ALTER TABLE `inputlistbackprop`
  ADD PRIMARY KEY (`id`),
  ADD KEY `dataId` (`dataId`);

--
-- Indexes for table `input_data_train_lvq`
--
ALTER TABLE `input_data_train_lvq`
  ADD PRIMARY KEY (`id`),
  ADD KEY `targetId` (`targetId`);

--
-- Indexes for table `neuroninhiddenlayerbackprop`
--
ALTER TABLE `neuroninhiddenlayerbackprop`
  ADD PRIMARY KEY (`id`),
  ADD KEY `vId` (`vId`),
  ADD KEY `wId` (`wId`);

--
-- Indexes for table `output_backprop`
--
ALTER TABLE `output_backprop`
  ADD PRIMARY KEY (`id`),
  ADD KEY `wId` (`wId`);

--
-- Indexes for table `weightinputbackprop`
--
ALTER TABLE `weightinputbackprop`
  ADD PRIMARY KEY (`id`),
  ADD KEY `vFromInputId` (`xId`),
  ADD KEY `zId` (`zId`);

--
-- Indexes for table `weight_lvq`
--
ALTER TABLE `weight_lvq`
  ADD PRIMARY KEY (`id`),
  ADD KEY `targetId` (`targetId`);

--
-- Indexes for table `weight_to_output`
--
ALTER TABLE `weight_to_output`
  ADD PRIMARY KEY (`id`),
  ADD KEY `zId` (`zId`),
  ADD KEY `yId` (`yId`);

--
-- AUTO_INCREMENT for dumped tables
--

--
-- AUTO_INCREMENT for table `data`
--
ALTER TABLE `data`
  MODIFY `id` int(11) NOT NULL AUTO_INCREMENT, AUTO_INCREMENT=7;

--
-- AUTO_INCREMENT for table `datadetails`
--
ALTER TABLE `datadetails`
  MODIFY `id` int(11) NOT NULL AUTO_INCREMENT, AUTO_INCREMENT=554;

--
-- AUTO_INCREMENT for table `inputlistbackprop`
--
ALTER TABLE `inputlistbackprop`
  MODIFY `id` int(11) NOT NULL AUTO_INCREMENT, AUTO_INCREMENT=385;

--
-- AUTO_INCREMENT for table `input_data_train_lvq`
--
ALTER TABLE `input_data_train_lvq`
  MODIFY `id` int(11) NOT NULL AUTO_INCREMENT, AUTO_INCREMENT=257;

--
-- AUTO_INCREMENT for table `neuroninhiddenlayerbackprop`
--
ALTER TABLE `neuroninhiddenlayerbackprop`
  MODIFY `id` int(11) NOT NULL AUTO_INCREMENT, AUTO_INCREMENT=4;

--
-- AUTO_INCREMENT for table `output_backprop`
--
ALTER TABLE `output_backprop`
  MODIFY `id` int(11) NOT NULL AUTO_INCREMENT, AUTO_INCREMENT=3;

--
-- AUTO_INCREMENT for table `weightinputbackprop`
--
ALTER TABLE `weightinputbackprop`
  MODIFY `id` int(11) NOT NULL AUTO_INCREMENT, AUTO_INCREMENT=257;

--
-- AUTO_INCREMENT for table `weight_lvq`
--
ALTER TABLE `weight_lvq`
  MODIFY `id` int(11) NOT NULL AUTO_INCREMENT, AUTO_INCREMENT=129;

--
-- AUTO_INCREMENT for table `weight_to_output`
--
ALTER TABLE `weight_to_output`
  MODIFY `id` int(11) NOT NULL AUTO_INCREMENT, AUTO_INCREMENT=7;

--
-- Constraints for dumped tables
--

--
-- Constraints for table `datadetails`
--
ALTER TABLE `datadetails`
  ADD CONSTRAINT `datadetails_ibfk_1` FOREIGN KEY (`idData`) REFERENCES `data` (`id`);

--
-- Constraints for table `inputlistbackprop`
--
ALTER TABLE `inputlistbackprop`
  ADD CONSTRAINT `inputlistbackprop_ibfk_1` FOREIGN KEY (`dataId`) REFERENCES `data` (`id`);

--
-- Constraints for table `input_data_train_lvq`
--
ALTER TABLE `input_data_train_lvq`
  ADD CONSTRAINT `input_data_train_lvq_ibfk_1` FOREIGN KEY (`targetId`) REFERENCES `data` (`id`);

--
-- Constraints for table `neuroninhiddenlayerbackprop`
--
ALTER TABLE `neuroninhiddenlayerbackprop`
  ADD CONSTRAINT `neuroninhiddenlayerbackprop_ibfk_1` FOREIGN KEY (`vId`) REFERENCES `inputlistbackprop` (`id`),
  ADD CONSTRAINT `neuroninhiddenlayerbackprop_ibfk_2` FOREIGN KEY (`wId`) REFERENCES `weight_to_output` (`id`);

--
-- Constraints for table `output_backprop`
--
ALTER TABLE `output_backprop`
  ADD CONSTRAINT `output_backprop_ibfk_1` FOREIGN KEY (`wId`) REFERENCES `weight_to_output` (`id`);

--
-- Constraints for table `weightinputbackprop`
--
ALTER TABLE `weightinputbackprop`
  ADD CONSTRAINT `weightinputbackprop_ibfk_1` FOREIGN KEY (`xId`) REFERENCES `inputlistbackprop` (`id`),
  ADD CONSTRAINT `weightinputbackprop_ibfk_2` FOREIGN KEY (`zId`) REFERENCES `neuroninhiddenlayerbackprop` (`id`);

--
-- Constraints for table `weight_lvq`
--
ALTER TABLE `weight_lvq`
  ADD CONSTRAINT `weight_lvq_ibfk_1` FOREIGN KEY (`targetId`) REFERENCES `data` (`id`);

--
-- Constraints for table `weight_to_output`
--
ALTER TABLE `weight_to_output`
  ADD CONSTRAINT `weight_to_output_ibfk_1` FOREIGN KEY (`zId`) REFERENCES `neuroninhiddenlayerbackprop` (`id`),
  ADD CONSTRAINT `weight_to_output_ibfk_2` FOREIGN KEY (`yId`) REFERENCES `output_backprop` (`id`);
COMMIT;

/*!40101 SET CHARACTER_SET_CLIENT=@OLD_CHARACTER_SET_CLIENT */;
/*!40101 SET CHARACTER_SET_RESULTS=@OLD_CHARACTER_SET_RESULTS */;
/*!40101 SET COLLATION_CONNECTION=@OLD_COLLATION_CONNECTION */;
